,Date,User,Tweet,Id,Link
0,2021-12-31 02:23:58+00:00,elonmusk,@TheBabylonBee ü§£,1476740887543791617,https://twitter.com/elonmusk/status/1476740887543791617
1,2021-12-30 21:11:23+00:00,elonmusk,@roshanpateI ü§£ $7,1476662222617251846,https://twitter.com/elonmusk/status/1476662222617251846
2,2021-12-30 20:47:53+00:00,elonmusk,@tesla_raj Many UI improvements coming,1476656306610216960,https://twitter.com/elonmusk/status/1476656306610216960
3,2021-12-30 20:28:51+00:00,elonmusk,@CSmithson80 @heydave7 @BLKMDL3 @mims This chart is a big deal,1476651519986614281,https://twitter.com/elonmusk/status/1476651519986614281
4,2021-12-30 18:23:14+00:00,elonmusk,"@BLKMDL3 @mims Predicting macroeconomics is challenging, to say the least. My gut feel is maybe around spring or summer 2022, but not later than 2023.",1476619907076923398,https://twitter.com/elonmusk/status/1476619907076923398
5,2021-12-30 18:15:45+00:00,elonmusk,"@mims If history is any guide, not many will make it past the next recession",1476618021024190474,https://twitter.com/elonmusk/status/1476618021024190474
6,2021-12-30 17:35:45+00:00,elonmusk,@waitbutwhy üíØüôè,1476607954719752199,https://twitter.com/elonmusk/status/1476607954719752199
7,2021-12-30 08:42:50+00:00,elonmusk,@T_Ball5 Probably not wrong,1476473842059161602,https://twitter.com/elonmusk/status/1476473842059161602
8,2021-12-30 07:09:22+00:00,elonmusk,@heydave7 ü§î,1476450321786359810,https://twitter.com/elonmusk/status/1476450321786359810
9,2021-12-30 06:27:15+00:00,elonmusk,https://t.co/OCUqr6xd9d,1476439722046238725,https://twitter.com/elonmusk/status/1476439722046238725
10,2021-12-30 06:18:38+00:00,elonmusk,https://t.co/mVhCpxVPZI,1476437555717541893,https://twitter.com/elonmusk/status/1476437555717541893
11,2021-12-29 17:21:54+00:00,elonmusk,@PPathole I do,1476242084126511105,https://twitter.com/elonmusk/status/1476242084126511105
12,2021-12-29 16:31:53+00:00,elonmusk,"@GailAlfarATX @SawyerMerritt Wow, working on this problem has soaked up a lot of my time &amp; brain cycles over the past ~7 years! This and Starship engines are currently the two hardest problems.",1476229496244166658,https://twitter.com/elonmusk/status/1476229496244166658
13,2021-12-29 16:22:17+00:00,elonmusk,@SawyerMerritt Ashok was the first person recruited from my tweet saying that Tesla is starting an Autopilot team!,1476227079033303042,https://twitter.com/elonmusk/status/1476227079033303042
14,2021-12-29 15:54:33+00:00,elonmusk,@esprit_tesla @chazman @lexfridman Yes,1476220099682082816,https://twitter.com/elonmusk/status/1476220099682082816
15,2021-12-29 08:38:39+00:00,elonmusk,@risermaker @engineers_feed ~700nm to ~400nm,1476110401347670017,https://twitter.com/elonmusk/status/1476110401347670017
16,2021-12-29 08:36:25+00:00,elonmusk,@SirineAti @engineers_feed FAA approval is the schedule driver. Their latest update says end of February.,1476109841949208577,https://twitter.com/elonmusk/status/1476109841949208577
17,2021-12-28 21:18:21+00:00,elonmusk,Lex asks great questions https://t.co/TlyuEGoOVA,1475939200218370049,https://twitter.com/elonmusk/status/1475939200218370049
18,2021-12-27 20:16:01+00:00,elonmusk,@cleantechnica Most people still have no idea that sustainable energy generation is growing so fast,1475561126645710850,https://twitter.com/elonmusk/status/1475561126645710850
19,2021-12-27 18:54:35+00:00,elonmusk,@SpaceXMR ü§£,1475540629891522566,https://twitter.com/elonmusk/status/1475540629891522566
20,2021-12-27 11:39:33+00:00,elonmusk,"@engineers_feed The resolution of the universe is not smaller than Planck length
https://t.co/hoyZR4d0pP",1475431151321899012,https://twitter.com/elonmusk/status/1475431151321899012
21,2021-12-27 04:23:28+00:00,elonmusk,@karpathy All of reality can be simulated with ones &amp; zeroes,1475321407328432131,https://twitter.com/elonmusk/status/1475321407328432131
22,2021-12-27 04:12:00+00:00,elonmusk,"@lexfridman Yeah, the smarter someone is, the harder it is to simulate/predict their behavior",1475318524390293515,https://twitter.com/elonmusk/status/1475318524390293515
23,2021-12-27 04:10:05+00:00,elonmusk,"@BillyM2k Now that the Webb telescope has been launched, they will have to spend more on rendering haha",1475318038379569156,https://twitter.com/elonmusk/status/1475318038379569156
24,2021-12-27 04:08:47+00:00,elonmusk,"@BillyM2k It is simulations all the way down, until you get to one bit",1475317711165169665,https://twitter.com/elonmusk/status/1475317711165169665
25,2021-12-27 03:56:00+00:00,elonmusk,"@PPathole People are able to break any laws made by humans, but none made by physics",1475314495396405256,https://twitter.com/elonmusk/status/1475314495396405256
26,2021-12-27 03:51:33+00:00,elonmusk,Physics formulas are the rendering rules,1475313375597019140,https://twitter.com/elonmusk/status/1475313375597019140
27,2021-12-27 03:49:50+00:00,elonmusk,"So much of AI is about compressing reality to a small vector space, like a video game in reverse",1475312943420121088,https://twitter.com/elonmusk/status/1475312943420121088
28,2021-12-26 19:41:02+00:00,elonmusk,@stats_feed @engineers_feed Useful mass to orbit is what matters,1475189931995709441,https://twitter.com/elonmusk/status/1475189931995709441
29,2021-12-26 19:20:21+00:00,elonmusk,@nichegamer ü§£,1475184726621175808,https://twitter.com/elonmusk/status/1475184726621175808
30,2021-12-26 19:13:14+00:00,elonmusk,"@DimaZeniuk @klwtts @TeslaClubNorway @WholeMarsBlog @SawyerMerritt @1stMarsColonist @daelmor @Kristennetten @28delayslater @Inelonwetrust__ @billhuang688 @EvaFoxU @GailAlfarATX As goes Norway, so goes the world. That said, still a long way to go to replace the fleet of combustion vehicles on the road.",1475182936559435777,https://twitter.com/elonmusk/status/1475182936559435777
31,2021-12-26 12:11:16+00:00,elonmusk,@archillect Now $1.25,1475076745627938821,https://twitter.com/elonmusk/status/1475076745627938821
32,2021-12-26 01:05:48+00:00,elonmusk,"@NASA @NASAWebb Congratulations, this is major!",1474909274459578380,https://twitter.com/elonmusk/status/1474909274459578380
33,2021-12-26 01:04:04+00:00,elonmusk,@WorldAndScience Me üíØ,1474908839979925508,https://twitter.com/elonmusk/status/1474908839979925508
34,2021-12-25 21:53:31+00:00,elonmusk,Floki Santa https://t.co/y3CTq16bGi,1474860884359094275,https://twitter.com/elonmusk/status/1474860884359094275
35,2021-12-25 20:17:37+00:00,elonmusk,Merry Christmas üéÑüéÅ ‚õÑÔ∏è ‚≠êÔ∏è üòÉ,1474836752619741188,https://twitter.com/elonmusk/status/1474836752619741188
36,2021-12-25 20:07:59+00:00,elonmusk,@JonErlichman Or Tesla!,1474834326571397120,https://twitter.com/elonmusk/status/1474834326571397120
37,2021-12-24 21:32:25+00:00,elonmusk,"Interesting
https://t.co/548FHpnnxU",1474493189688070148,https://twitter.com/elonmusk/status/1474493189688070148
38,2021-12-24 21:25:23+00:00,elonmusk,@nichegamer It‚Äôs good,1474491417816973321,https://twitter.com/elonmusk/status/1474491417816973321
39,2021-12-24 20:46:30+00:00,elonmusk,@PPathole @Tesla That was a crazy tough year. Tesla financing closed at 6pm Christmas Eve ‚Äì last hour of the last day possible. Payroll would otherwise have bounced two days after Christmas.,1474481634770567170,https://twitter.com/elonmusk/status/1474481634770567170
40,2021-12-24 20:40:30+00:00,elonmusk,@cyantist It was a shamefully low blow from WSJ,1474480124653408259,https://twitter.com/elonmusk/status/1474480124653408259
41,2021-12-24 20:17:31+00:00,elonmusk,@WholeMarsBlog And many other things,1474474339596742659,https://twitter.com/elonmusk/status/1474474339596742659
42,2021-12-24 18:53:48+00:00,elonmusk,"@davidjkon @Tesmanian_com No, that‚Äôs some tool with senior editor privileges who keeps putting that there",1474453269833748480,https://twitter.com/elonmusk/status/1474453269833748480
43,2021-12-24 18:51:19+00:00,elonmusk,"@Tesmanian_com ‚ÄúHistory is written by the victors‚Äù except on Wikipedia, as your enemies are still alive &amp; have lots of time on their hands ü§£ü§£",1474452647566532623,https://twitter.com/elonmusk/status/1474452647566532623
44,2021-12-24 18:50:02+00:00,elonmusk,@Tesmanian_com My wiki is such a dumpster fire ü§£ü§£. That‚Äôs how you know it isn‚Äôt curated.,1474452323011289094,https://twitter.com/elonmusk/status/1474452323011289094
45,2021-12-24 18:47:15+00:00,elonmusk,@GerberKawasaki A lot will be added,1474451624013795336,https://twitter.com/elonmusk/status/1474451624013795336
46,2021-12-24 15:49:48+00:00,elonmusk,Tesla holiday software update goes to wide release today!,1474406965938114560,https://twitter.com/elonmusk/status/1474406965938114560
47,2021-12-24 15:44:25+00:00,elonmusk,@WholeMarsBlog Tesla is technically a car like an iPhone is technically a phone,1474405612662530077,https://twitter.com/elonmusk/status/1474405612662530077
48,2021-12-23 22:28:06+00:00,elonmusk,"10.8 looks good, rolling out today",1474144811951214592,https://twitter.com/elonmusk/status/1474144811951214592
49,2021-12-23 19:36:28+00:00,elonmusk,@BLKMDL3 Good idea,1474101621508476931,https://twitter.com/elonmusk/status/1474101621508476931
50,2021-12-23 07:11:42+00:00,elonmusk,@BillyM2k @jack @gladstein @rahilla @farokh @samkazemian @TheSmarmyBum @ethereum That‚Äôs why I‚Äôm pro Doge,1473914193527070770,https://twitter.com/elonmusk/status/1473914193527070770
51,2021-12-23 01:16:48+00:00,elonmusk,The @SkepticsGuide book is üëç,1473824879820615680,https://twitter.com/elonmusk/status/1473824879820615680
52,2021-12-23 00:35:39+00:00,elonmusk,"Lots of Tesla cars to deliver before year end! Your support in taking delivery is much appreciated. 

Thanks also to the Tesla team working hard during the holidays!",1473814525774336006,https://twitter.com/elonmusk/status/1473814525774336006
53,2021-12-22 23:56:20+00:00,elonmusk,"@scottwww @realrobcopeland Yeah, I didn‚Äôt have a house in the Bay Area for over a decade, despite spending half the week there",1473804628403834886,https://twitter.com/elonmusk/status/1473804628403834886
54,2021-12-22 23:17:53+00:00,elonmusk,"Whereas radar has trouble seeing small pedestrians, they‚Äôre obvious to Tesla vision https://t.co/ANUy58lgl7",1473794952719224836,https://twitter.com/elonmusk/status/1473794952719224836
55,2021-12-22 23:12:38+00:00,elonmusk,@nurodev Disney restricted us to US only,1473793631354040322,https://twitter.com/elonmusk/status/1473793631354040322
56,2021-12-22 22:18:42+00:00,elonmusk,"@JeffTutorials Yes, but if we find unexpected bugs, release might be delayed until 24th",1473780058083020801,https://twitter.com/elonmusk/status/1473780058083020801
57,2021-12-22 22:15:36+00:00,elonmusk,@WillFealey Yes,1473779281159467014,https://twitter.com/elonmusk/status/1473779281159467014
58,2021-12-22 22:11:51+00:00,elonmusk,Tesla holiday software release being tested with internal owners today. Broader rollout starts tomorrow evening.,1473778335390048265,https://twitter.com/elonmusk/status/1473778335390048265
59,2021-12-22 22:09:19+00:00,elonmusk,"@WholeMarsBlog We‚Äôre aiming for a significant improvement for owners outside the US around March, depending on regulatory approvals",1473777700682620929,https://twitter.com/elonmusk/status/1473777700682620929
60,2021-12-22 21:12:00+00:00,elonmusk,@Gfilche It‚Äôs a great whistle!,1473763275498311692,https://twitter.com/elonmusk/status/1473763275498311692
61,2021-12-22 20:44:12+00:00,elonmusk,"@Tesmanian_com When the 10b preprogrammed sales complete. There are still a few tranches left, but almost done.",1473756279059492868,https://twitter.com/elonmusk/status/1473756279059492868
62,2021-12-22 18:32:21+00:00,elonmusk,@BillyM2k @daelmor @DanCrenshawTX üíØ,1473723095705952264,https://twitter.com/elonmusk/status/1473723095705952264
63,2021-12-22 17:51:05+00:00,elonmusk,@WholeMarsBlog This assumes completion of the 10b sales,1473712710563028993,https://twitter.com/elonmusk/status/1473712710563028993
64,2021-12-22 17:49:36+00:00,elonmusk,"@cleantechnica Pure vision, especially when using explicit photon count, is much better than radar+vision, as the latter has too much ambiguity ‚Äì when radar &amp; vision disagree, it is not clear which one to believe",1473712339056828428,https://twitter.com/elonmusk/status/1473712339056828428
65,2021-12-22 17:22:17+00:00,elonmusk,@nichegamer ü§£,1473705463929835520,https://twitter.com/elonmusk/status/1473705463929835520
66,2021-12-22 16:00:18+00:00,elonmusk,@teslatidbits @WholeMarsBlog @DanCrenshawTX A strong bias towards consumption tax makes sense,1473684831280287744,https://twitter.com/elonmusk/status/1473684831280287744
67,2021-12-22 15:56:00+00:00,elonmusk,@daelmor @BillyM2k @DanCrenshawTX ü§£ People who don‚Äôt create products &amp; services don‚Äôt realize that it takes hard work to produce products &amp; services,1473683749518950424,https://twitter.com/elonmusk/status/1473683749518950424
68,2021-12-21 18:36:06+00:00,elonmusk,"@DanCrenshawTX Agreed. Taxes do need to be collected, but what is the best way to do this that maximizes area under the curve of the happiness of the people?",1473361653462876166,https://twitter.com/elonmusk/status/1473361653462876166
69,2021-12-21 17:22:53+00:00,elonmusk,@harald_murphy @SpaceX @Tesla @Jays200 A lot of improvement still coming just from software updates to satellites &amp; terminals,1473343227411550214,https://twitter.com/elonmusk/status/1473343227411550214
70,2021-12-21 16:41:51+00:00,elonmusk,@Erdayastronaut I talked about Falcon 9 &amp; Heavy for over a decade!,1473332900376588302,https://twitter.com/elonmusk/status/1473332900376588302
71,2021-12-21 16:28:59+00:00,elonmusk,@PPathole Still kinda hard to believe it is working,1473329661606342668,https://twitter.com/elonmusk/status/1473329661606342668
72,2021-12-21 16:23:26+00:00,elonmusk,@PPathole @SpaceX Absolutely,1473328267738365955,https://twitter.com/elonmusk/status/1473328267738365955
73,2021-12-21 16:23:03+00:00,elonmusk,100th SpaceX rocket landing was today https://t.co/ysO9siYCee,1473328171726651397,https://twitter.com/elonmusk/status/1473328171726651397
74,2021-12-21 05:46:29+00:00,elonmusk,@BillyM2k Just keep going. It‚Äôs in there somewhere. https://t.co/jSLEIcXji1,1473167974357995524,https://twitter.com/elonmusk/status/1473167974357995524
75,2021-12-21 05:42:47+00:00,elonmusk,@jack m something something,1473167043105103876,https://twitter.com/elonmusk/status/1473167043105103876
76,2021-12-21 05:36:24+00:00,elonmusk,Has anyone seen web3? I can‚Äôt find it.,1473165434518224896,https://twitter.com/elonmusk/status/1473165434518224896
77,2021-12-21 00:10:27+00:00,elonmusk,"@BillyM2k With Starlink, you could stream video &amp; play online games",1473083407160782848,https://twitter.com/elonmusk/status/1473083407160782848
78,2021-12-20 23:54:48+00:00,elonmusk,ü§£ü§£ True. Ask your airline for Starlink! https://t.co/R9GL2bKOAT,1473079467404836870,https://twitter.com/elonmusk/status/1473079467404836870
79,2021-12-20 16:54:33+00:00,elonmusk,@pbdes @JeanMarc_Nasr @esa @SpaceX Game on,1472973709141065730,https://twitter.com/elonmusk/status/1472973709141065730
80,2021-12-20 04:52:30+00:00,elonmusk,@omarsar0 üëç,1472792000416071681,https://twitter.com/elonmusk/status/1472792000416071681
81,2021-12-20 04:27:07+00:00,elonmusk,@JayinShanghai Sometime in 2022,1472785612679831559,https://twitter.com/elonmusk/status/1472785612679831559
82,2021-12-20 02:29:35+00:00,elonmusk,@BillyM2k ü§£,1472756031541456896,https://twitter.com/elonmusk/status/1472756031541456896
83,2021-12-20 02:25:36+00:00,elonmusk,@imoriginalankit Maybe I‚Äôm partly Chinese!,1472755031296335873,https://twitter.com/elonmusk/status/1472755031296335873
84,2021-12-20 02:24:01+00:00,elonmusk,"For those wondering, I will pay over $11 billion in taxes this year",1472754632325795843,https://twitter.com/elonmusk/status/1472754632325795843
85,2021-12-20 01:46:49+00:00,elonmusk,@lexfridman Yeah,1472745272576983047,https://twitter.com/elonmusk/status/1472745272576983047
86,2021-12-20 01:46:02+00:00,elonmusk,"I‚Äôm not suggesting web3 is real ‚Äì seems more marketing buzzword than reality right now ‚Äì just wondering what the future will be like in 10, 20 or 30 years. 2051 sounds crazy futuristic!",1472745072277995526,https://twitter.com/elonmusk/status/1472745072277995526
87,2021-12-20 01:38:21+00:00,elonmusk,@WorldAndScience Might very well be,1472743140067090436,https://twitter.com/elonmusk/status/1472743140067090436
88,2021-12-20 01:24:29+00:00,elonmusk,"Given the almost unimaginable nature of the present, what will the future be? https://t.co/b2Yw0AXGVA",1472739649890271239,https://twitter.com/elonmusk/status/1472739649890271239
89,2021-12-19 22:53:50+00:00,elonmusk,@GailAlfarATX @peterdog15 @Tesla Tesla will hold a Giga Texas grand opening party with factory tours for the community in early 2022,1472701739174350851,https://twitter.com/elonmusk/status/1472701739174350851
90,2021-12-19 22:52:29+00:00,elonmusk,@stevenmarkryan @neuralink Words are very lossy compression of thoughts,1472701397049225232,https://twitter.com/elonmusk/status/1472701397049225232
91,2021-12-19 21:30:28+00:00,elonmusk,"@teslaownersSV @SpaceX Long way to go to perfect it, but Starship is really next-level",1472680756434673666,https://twitter.com/elonmusk/status/1472680756434673666
92,2021-12-19 20:51:26+00:00,elonmusk,@Erdayastronaut @SkepticsGuide Sounds like a good book,1472670935538929670,https://twitter.com/elonmusk/status/1472670935538929670
93,2021-12-19 19:45:16+00:00,elonmusk,"@wintonARK It may, especially in our galaxy at this time",1472654283950669825,https://twitter.com/elonmusk/status/1472654283950669825
94,2021-12-19 19:27:37+00:00,elonmusk,Looks like twitter is compressing the image,1472649843713757189,https://twitter.com/elonmusk/status/1472649843713757189
95,2021-12-19 19:26:29+00:00,elonmusk,Better resolution https://t.co/SMFFVBANhA,1472649556965969925,https://twitter.com/elonmusk/status/1472649556965969925
96,2021-12-19 19:17:57+00:00,elonmusk,Should be taught to all at a young age https://t.co/GlVkjcdhah,1472647410568642564,https://twitter.com/elonmusk/status/1472647410568642564
97,2021-12-19 09:18:42+00:00,elonmusk,@heydave7 That matches my understanding,1472496601491021833,https://twitter.com/elonmusk/status/1472496601491021833
98,2021-12-19 04:41:30+00:00,elonmusk,@staciet8 Absolutely,1472426844200873984,https://twitter.com/elonmusk/status/1472426844200873984
99,2021-12-19 02:33:35+00:00,elonmusk,@AdamCuker @SpaceX All Raptor 2 tests going forward,1472394651344990215,https://twitter.com/elonmusk/status/1472394651344990215
